Boost Round,Precision,Recall,F1,Accuracy,AUC
0.9736355226641998,0.8767180341524364,0.9226386149463073,0.9948831680872036,0.9990049062398829
