Boost Round,Precision,Recall,F1,Accuracy,AUC
0.9727463312368972,0.9662640566430654,0.9694943585457585,0.997883689917087,0.9998059926510139
