Boost Round,Precision,Recall,F1,Accuracy,AUC
0.9870388833499502,0.972176759410802,0.9795514511873351,0.9972011556518598,0.9998870537515189
