Boost Round,Precision,Recall,F1,Accuracy,AUC
0.9815994338287332,0.8717787554996858,0.9234354194407457,0.9948154994026553,0.9993953438996817
