Boost Round,Precision,Recall,F1,Accuracy,AUC
0.9870717517776342,0.982414754449925,0.984737747205503,0.9979357764823887,0.9999348892286197
