Boost Round,Precision,Recall,F1,Accuracy,AUC
0.9609483960948396,0.8559006211180125,0.9053876478318004,0.9967556606961812,0.9992222200051879
