Boost Round,Precision,Recall,F1,Accuracy,AUC
0.9418604651162791,0.903862660944206,0.9224704336399473,0.9974352658194833,0.9995887613969727
