Boost Round,Precision,Recall,F1,Accuracy,AUC
0.9949579831932773,0.9887854927225006,0.9918621349928196,0.9980089013820567,0.9940422907689803
