Boost Round,Precision,Recall,F1,Accuracy,AUC
0.98046875,0.9465744814582024,0.9632235369363608,0.9974077497013277,0.9997823226282836
