Boost Round,Precision,Recall,F1,Accuracy,AUC
0.9922699849170438,0.9833707025411061,0.9878003003003004,0.9970338596331113,0.9998564418702335
